Title,Company,Location,Time Posted,URL
UI/UX Designer - AI Products (Remote),Hire Feed,EMEA (Remote),8 hours ago,https://www.linkedin.com/jobs/view/4440637765/?eBP=NOT_ELIGIBLE_FOR_CHARGING&refId=ilkStwtFocGBHSvu09fEOQ%3D%3D&trackingId=wHhfPyhl9qZPQ7ZNxzYJKQ%3D%3D&trk=flagship3_search_srp_jobs
Product Designer,Huspy,United Kingdom (Remote),3 days ago,https://www.linkedin.com/jobs/view/4439409076/?eBP=NOT_ELIGIBLE_FOR_CHARGING&refId=ilkStwtFocGBHSvu09fEOQ%3D%3D&trackingId=kPHWhWfd%2Bb2CtXeU1G5fuA%3D%3D&trk=flagship3_search_srp_jobs
Staff Product Designer - Design Systems - 100% Remote - EMEA,Hostaway,EMEA (Remote),5 days ago,https://www.linkedin.com/jobs/view/4439314338/?eBP=NOT_ELIGIBLE_FOR_CHARGING&refId=ilkStwtFocGBHSvu09fEOQ%3D%3D&trackingId=9%2FI%2BK7%2BPP91Mt8Pfl1ocjg%3D%3D&trk=flagship3_search_srp_jobs
"Staff/Senior Product Designer, Mobile",AlphaSense,United Kingdom (Remote),1 day ago,https://www.linkedin.com/jobs/view/4404595684/?eBP=NOT_ELIGIBLE_FOR_CHARGING&refId=ilkStwtFocGBHSvu09fEOQ%3D%3D&trackingId=qGf37xitNmInZZjAhE%2BcYQ%3D%3D&trk=flagship3_search_srp_jobs
Product Designer (UX/UI) | $70/hr Remote,Crossing Hurdles,EMEA (Remote),1 day ago,https://www.linkedin.com/jobs/view/4432245340/?eBP=NOT_ELIGIBLE_FOR_CHARGING&refId=ilkStwtFocGBHSvu09fEOQ%3D%3D&trackingId=KoEckXvVBZ79dIYQsKEloQ%3D%3D&trk=flagship3_search_srp_jobs
Product Designer,AIOS,"London, England, United Kingdom (Remote)",5 days ago,https://www.linkedin.com/jobs/view/4432439725/?eBP=NOT_ELIGIBLE_FOR_CHARGING&refId=ilkStwtFocGBHSvu09fEOQ%3D%3D&trackingId=pXgNGeWa3A2zf42Tr5nPjg%3D%3D&trk=flagship3_search_srp_jobs
Staff Product Designer,Monzo,"London, England, United Kingdom (Remote)",1 day ago,https://www.linkedin.com/jobs/view/4423275033/?eBP=NOT_ELIGIBLE_FOR_CHARGING&refId=ilkStwtFocGBHSvu09fEOQ%3D%3D&trackingId=b6mCQ%2FDHbn2d1SJAU0VXBA%3D%3D&trk=flagship3_search_srp_jobs
Product Designer (Platform),Revolut,United Kingdom (Remote),1 day ago,https://www.linkedin.com/jobs/view/4423962783/?eBP=NOT_ELIGIBLE_FOR_CHARGING&refId=ilkStwtFocGBHSvu09fEOQ%3D%3D&trackingId=7vl4fNe5Uch9yKbFWllekQ%3D%3D&trk=flagship3_search_srp_jobs
UX/UI Designer (Remote),Quik Hire Staffing,EMEA (Remote),8 hours ago,https://www.linkedin.com/jobs/view/4440643655/?eBP=NOT_ELIGIBLE_FOR_CHARGING&refId=ilkStwtFocGBHSvu09fEOQ%3D%3D&trackingId=UP4G4CZIsR8gjLbzeUP7DA%3D%3D&trk=flagship3_search_srp_jobs
Senior Product Designer [Contract],ESL FACEIT Group - EFG,United Kingdom (Remote),6 days ago,https://www.linkedin.com/jobs/view/4437906381/?eBP=NOT_ELIGIBLE_FOR_CHARGING&refId=ilkStwtFocGBHSvu09fEOQ%3D%3D&trackingId=uam13e6dvPelHpBzfaqebA%3D%3D&trk=flagship3_search_srp_jobs
