Title,Company,Location,URL
UI/UX Designer,XTrace,"San Francisco, CA",https://www.linkedin.com/jobs/view/ui-ux-designer-at-xtrace-4440655504?position=1&pageNum=0&refId=pmLcYGrtNTnIyNh05cWrSQ%3D%3D&trackingId=gdheAJLzGUE4z3FuxTDkwQ%3D%3D
UI/UX Designer,Zirous,"Urbandale, IA",https://www.linkedin.com/jobs/view/ui-ux-designer-at-zirous-4440382818?position=2&pageNum=0&refId=pmLcYGrtNTnIyNh05cWrSQ%3D%3D&trackingId=p1XgzSuIkwieW5flzgXCNA%3D%3D
UI/UX Designer,Jaisda,"Tysons Corner, VA",https://www.linkedin.com/jobs/view/ui-ux-designer-at-jaisda-4440735537?position=3&pageNum=0&refId=pmLcYGrtNTnIyNh05cWrSQ%3D%3D&trackingId=oTrHG4PhV7gQP4%2BQj8X9KA%3D%3D
UX/UI Designer,Universal Music Group,"Philadelphia, PA",https://www.linkedin.com/jobs/view/ux-ui-designer-at-universal-music-group-4435305057?position=4&pageNum=0&refId=pmLcYGrtNTnIyNh05cWrSQ%3D%3D&trackingId=yIoVOggNhi%2B%2FX39MHFpj4w%3D%3D
UI/UX Designer,Jaisda,"Tysons Corner, VA",https://www.linkedin.com/jobs/view/ui-ux-designer-at-jaisda-4440737439?position=5&pageNum=0&refId=pmLcYGrtNTnIyNh05cWrSQ%3D%3D&trackingId=dw2pZg%2BE7K4lGfOGov5J4g%3D%3D
UI/UX Designer,"The OLB Group, Inc.","New York, United States",https://www.linkedin.com/jobs/view/ui-ux-designer-at-the-olb-group-inc-4342157956?position=6&pageNum=0&refId=pmLcYGrtNTnIyNh05cWrSQ%3D%3D&trackingId=fX1Hlhs7Wbw587JNYRcSbg%3D%3D
UI/UX Designer,LTM,"Denver, CO",https://www.linkedin.com/jobs/view/ui-ux-designer-at-ltm-4438410522?position=7&pageNum=0&refId=pmLcYGrtNTnIyNh05cWrSQ%3D%3D&trackingId=SsceiDbt%2FVgMaPN0o8E0PA%3D%3D
Frontend UX Designer,Universal Music Group,"Philadelphia, PA",https://www.linkedin.com/jobs/view/frontend-ux-designer-at-universal-music-group-4336771713?position=8&pageNum=0&refId=pmLcYGrtNTnIyNh05cWrSQ%3D%3D&trackingId=2TQ45wln8YL3Lqri8Nwkgw%3D%3D
UI/UX Designer,Megatel Homes,"Dallas, TX",https://www.linkedin.com/jobs/view/ui-ux-designer-at-megatel-homes-4434175200?position=9&pageNum=0&refId=pmLcYGrtNTnIyNh05cWrSQ%3D%3D&trackingId=LFzzj77S78pkxGMtbvJPhg%3D%3D
UX/UI Designer,Palerto Studio,"Washington County, OR",https://www.linkedin.com/jobs/view/ux-ui-designer-at-palerto-studio-4439592017?position=10&pageNum=0&refId=pmLcYGrtNTnIyNh05cWrSQ%3D%3D&trackingId=3kmkd19vy%2B8hJYvFymGVAg%3D%3D
UI/UX Designer,Flagsmith,"Indiana, United States",https://www.linkedin.com/jobs/view/ui-ux-designer-at-flagsmith-4440873036?position=11&pageNum=0&refId=pmLcYGrtNTnIyNh05cWrSQ%3D%3D&trackingId=jh28cYaGv9uuip03yQAdhw%3D%3D
UI/UX Designer,M&S Consulting,"Pasadena, CA",https://www.linkedin.com/jobs/view/ui-ux-designer-at-m-s-consulting-4431793546?position=12&pageNum=0&refId=pmLcYGrtNTnIyNh05cWrSQ%3D%3D&trackingId=0BYJ66b%2B2LC1Pxr1weUR7w%3D%3D
UI/UX Designer,Jobgether,United States,https://www.linkedin.com/jobs/view/ui-ux-designer-at-jobgether-4439850490?position=13&pageNum=0&refId=pmLcYGrtNTnIyNh05cWrSQ%3D%3D&trackingId=K%2FzdOJKCy%2BB%2FNvg7UVO4fA%3D%3D
UX/UI Designer,Advisors Excel,Topeka Metropolitan Area,https://www.linkedin.com/jobs/view/ux-ui-designer-at-advisors-excel-4424624075?position=14&pageNum=0&refId=pmLcYGrtNTnIyNh05cWrSQ%3D%3D&trackingId=hRs57Px5p688HX%2BBQUA84g%3D%3D
UI / UX Designer,York Space Systems,"Greenwood Village, CO",https://www.linkedin.com/jobs/view/ui-ux-designer-at-york-space-systems-4428506107?position=15&pageNum=0&refId=pmLcYGrtNTnIyNh05cWrSQ%3D%3D&trackingId=Y3A1Rb3EWz%2F5n2kin0zmVw%3D%3D
